Wavelength,Intensity
467.61575139924048,657
467.62431712768233,656
467.63288278320715,650
467.64144836580584,666
467.6500138754696,682
467.6585793121896,788
467.66714467595682,1468
467.6757099667625,2105
467.68427518459771,2355
467.69284032945353,3041
467.7014054013211,884
467.70997040019154,683
467.71853532605593,675
467.72710017890546,679
467.73566495873109,662
467.74422966552419,682
467.75279429927565,671
467.76135885997661,690
467.76992334761826,671
467.77848776219167,699
467.78705210368804,698
467.79561637209832,677
467.80418056741377,687
467.81274468962545,670
467.8213087387245,697
467.82987271470193,685
467.83843661754906,680
467.84700044725685,675
467.85556420381641,687
467.864127887219,679
467.87269149745555,699
467.88125503451732,682
467.8898184983953,676
467.89838188908078,687
467.90694520656473,701
467.91550845083827,693
467.92407162189261,659
467.93263471971881,694
467.94119774430794,675
467.94976069565126,694
467.95832357373973,674
467.9668863785646,700
467.97544911011693,693
467.9840117683878,699
467.99257435336835,699
468.00113686504972,677
468.009699303423,683
468.01826166847945,673
468.02682396021,672
468.03538617860579,693
468.04394832365807,694
468.05251039535779,687
468.06107239369618,675
468.06963431866438,680
468.07819617025348,692
468.08675794845465,688
468.09531965325885,698
468.10388128465729,691
468.11244284264114,676
468.12100432720149,681
468.1295657383294,686
468.13812707601608,689
468.14668834025264,698
468.15524953103017,675
468.16381064833985,696
468.1723716921727,719
468.18093266251981,685
468.18949355937247,675
468.19805438272169,685
468.20661513255868,689
468.21517580887445,676
468.22373641166018,679
468.232296940907,691
468.240857396606,691
468.24941777874835,686
468.25797808732517,693
468.26653832232745,679
468.27509848374655,680
468.28365857157348,682
468.29221858579922,687
468.30077852641517,677
468.30933839341225,691
468.31789818678169,681
468.32645790651446,702
468.33501755260193,700
468.34357712503493,684
468.35213662380488,688
468.3606960489027,690
468.36925540031967,687
468.37781467804678,682
468.38637388207519,687
468.39493301239605,682
468.40349206900049,713
468.41205105187959,678
468.42060996102458,690
468.4291687964265,689
468.43772755807646,688
468.44628624596567,711
468.45484486008513,675
468.4634034004261,683
468.47196186697965,682
468.48052025973692,700
468.489078578689,688
468.49763682382707,683
468.50619499514221,706
468.5147530926256,700
468.52331111626825,698
468.53186906606152,679
468.54042694199632,708
468.54898474406389,679
468.55754247225525,687
468.56610012656165,678
468.57465770697416,695
468.58321521348392,698
468.59177264608212,692
468.60033000475977,688
468.60888728950806,688
468.61744450031807,684
468.62600163718105,675
468.63455870008806,693
468.64311568903025,676
468.65167260399869,666
468.66022944498462,687
468.668786211979,708
468.6773429049731,699
468.68589952395808,676
468.694456068925,685
468.70301253986486,706
468.711568936769,701
468.7201252596285,673
468.72868150843448,692
468.73723768317814,706
468.74579378385033,679
468.75434981044259,723
468.76290576294576,695
468.77146164135104,673
468.78001744564966,685
468.78857317583265,698
468.7971288318912,685
468.80568441381632,704
468.81423992159938,709
468.82279535523128,690
468.83135071470326,694
468.83990600000641,694
468.84846121113196,681
468.85701634807094,695
468.86557141081454,678
468.87412639935388,692
468.88268131368011,685
468.89123615378429,688
468.89979091965768,687
468.90834561129134,683
468.91690022867635,675
468.925454771804,681
468.93400924066532,706
468.94256363525142,695
468.95111795555351,666
468.95967220156263,677
468.96822637327006,700
468.97678047066677,677
468.98533449374406,686
468.99388844249296,715
469.00244231690459,701
469.01099611697026,679
469.01954984268093,676
469.02810349402768,692
469.03665707100186,679
469.04521057359449,695
469.05376400179671,691
469.0623173555997,676
469.07087063499455,677
469.07942383997243,705
469.08797697052444,703
469.0965300266418,691
469.10508300831549,708
469.11363591553686,685
469.12218874829688,669
469.13074150658673,686
469.13929419039761,694
469.14784679972058,727
469.1563993345469,914
469.16495179486753,2951
469.17350418067377,981
469.1820564919567,682
469.19060872870745,697
469.19916089091714,679
469.207712978577,684
469.21626499167803,694
469.22481693021149,688
469.23336879416848,663
469.24192058354021,700
469.25047229831773,688
469.25902393849219,673
469.26757550405478,685
469.2761269949965,689
469.28467841130873,671
469.29322975298243,692
469.30178102000883,709
469.310332212379,724
469.31888333008419,690
469.32743437311541,690
469.33598534146392,674
469.34453623512087,690
469.35308705407721,691
469.3616377983243,700
469.37018846785321,687
469.37873906265509,679
469.38728958272105,675
469.3958400280423,710
469.40439039860985,678
469.412940694415,708
469.42149091544883,685
469.43004106170247,687
469.43859113316711,678
469.44714112983388,692
469.45569105169386,681
469.46424089873824,696
469.47279067095826,703
469.48134036834489,705
469.48988999088942,693
469.49843953858289,690
469.50698901141652,702
469.51553840938146,687
469.52408773246884,685
469.53263698066979,693
469.54118615397545,693
469.549735252377,683
469.55828427586556,710
469.56683322443229,695
469.57538209806836,687
469.5839308967648,679
469.59247962051296,695
469.60102826930387,696
469.60957684312859,720
469.61812534197844,713
469.62667376584449,690
469.63522211471786,688
469.64377038858976,709
469.6523185874513,689
469.66086671129369,696
469.66941476010794,688
469.67796273388541,701
469.686510632617,687
469.69505845629408,673
469.70360620490771,675
469.71215387844893,701
469.72070147690914,697
469.72924900027925,681
469.73779644855057,692
469.74634382171416,696
469.75489111976117,705
469.76343834268289,687
469.77198549047034,690
469.78053256311466,677
469.789079560607,686
469.7976264829386,704
469.80617333010059,677
469.814720102084,684
469.82326679888013,680
469.8318134204801,685
469.840359966875,692
469.84890643805608,695
469.8574528340144,737
469.86599915474119,1935
469.87454540022759,1162
469.88309157046461,784
469.89163766544357,716
469.90018368515564,679
469.90872962959185,690
469.91727549874344,713
469.92582129260154,718
469.93436701115724,703
469.94291265440182,714
469.95145822232638,695
469.9600037149221,692
469.96854913217993,698
469.9770944740913,691
469.98563974064734,685
469.994184931839,684
470.00273004765768,687
470.01127508809441,702
470.01982005314028,689
470.0283649427866,694
470.03690975702438,674
470.04545449584487,682
470.0539991592392,709
470.06254374719856,709
470.071088259714,698
470.0796326967768,716
470.08817705837805,694
470.09672134450904,708
470.1052655551606,686
470.11380969032433,687
470.122353749991,687
470.13089773415203,696
470.13944164279843,695
470.14798547592142,702
470.15652923351217,714
470.16507291556172,949
470.17361652206142,2088
470.18216005300229,873
470.19070350837552,705
470.19924688817235,706
470.20779019238381,686
470.21633342100114,683
470.22487657401547,714
470.233419651418,696
470.24196265319978,697
470.25050557935214,677
470.25904842986614,695
470.26759120473292,675
470.27613390394367,689
470.28467652748958,684
470.29321907536189,691
470.30176154755151,690
470.31030394404974,680
470.31884626484788,698
470.3273885099369,699
470.335930679308,672
470.34447277295237,698
470.35301479086121,702
470.36155673302562,683
470.37009859943674,692
470.37864039008588,699
470.387182104964,686
470.39572374406242,692
470.40426530737233,699
470.41280679488472,703
470.42134820659084,652
470.42988954248187,697
470.43843080254896,689
470.4469719867833,683
470.45551309517606,697
470.46405412771833,701
470.47259508440135,680
470.48113596521625,703
470.48967677015423,681
470.49821749920642,705
470.50675815236394,704
470.51529872961805,684
470.52383923095988,699
470.53237965638056,687
470.54092000587133,690
470.54946027942333,709
470.55800047702763,678
470.56654059867554,703
470.57508064435814,711
470.58362061406666,701
470.59216050779213,692
470.60070032552596,694
470.60924006725907,678
470.61777973298274,679
470.62631932268812,693
470.6348588363665,698
470.64339827400886,675
470.65193763560637,702
470.66047692115035,684
470.66901613063186,695
470.6775552640421,701
470.6860943213722,681
470.69463330261345,709
470.70317220775689,693
470.71171103679382,694
470.72024978971524,683
470.72878846651241,694
470.73732706717652,696
470.7458655916987,705
470.75440404007009,697
470.762942412282,684
470.77148070832544,709
470.78001892819162,690
470.78855707187176,691
470.797095139357,686
470.80563313063857,707
470.81417104570761,677
470.82270888455525,693
470.83124664717269,688
470.83978433355105,668
470.84832194368158,693
470.85685947755542,687
470.86539693516374,681
470.87393431649775,705
470.88247162154858,685
470.8910088503074,693
470.89954600276536,674
470.90808307891376,675
470.91662007874356,714
470.92515700224618,708
470.93369384941258,718
470.94223062023406,721
470.95076731470175,698
470.95930393280685,694
470.96784047454048,688
470.9763769398939,692
470.98491332885823,694
470.9934496414246,711
471.00198587758433,703
471.01052203732843,713
471.01905812064814,706
471.02759412753471,685
471.03613005797922,690
471.04466591197286,698
471.05320168950686,693
471.06173739057232,700
471.07027301516047,697
471.07880856326238,705
471.08734403486949,689
471.09587942997268,700
471.10441474856333,698
471.11294999063244,686
471.12148515617145,682
471.13002024517124,706
471.13855525762312,675
471.1470901935183,707
471.15562505284794,710
471.16415983560319,708
471.17269454177529,694
471.18122917135537,681
471.18976372433457,718
471.19829820070413,710
471.20683260045524,684
471.215366923579,684
471.22390117006671,721
471.23243533990944,694
471.24096943309843,689
471.24950344962474,692
471.2580373894798,688
471.26657125265456,675
471.27510503914027,675
471.28363874892813,695
471.29217238200937,692
471.30070593837507,706
471.30923941801643,686
471.31777282092469,689
471.326306147091,701
471.3348393965066,682
471.34337256916245,682
471.35190566505008,685
471.36043868416039,682
471.36897162648467,692
471.37750449201411,711
471.38603728073991,708
471.39456999265309,705
471.40310262774511,707
471.41163518600695,683
471.42016766742978,701
471.428700072005,696
471.43723239972348,668
471.44576465057662,694
471.45429682455563,703
471.46282892165158,712
471.47136094185566,694
471.47989288515913,694
471.48842475155311,703
471.49695654102885,688
471.50548825357743,695
471.51401988919014,696
471.52255144785806,695
471.53108292957251,684
471.5396143343246,694
471.54814566210547,681
471.55667691290643,689
471.56520808671854,704
471.573739183533,692
471.58227020334107,704
471.59080114613391,701
471.59933201190279,684
471.60786280063877,704
471.616393512333,687
471.62492414697675,681
471.6334547045613,681
471.64198518507766,688
471.65051558851707,695
471.65904591487077,677
471.66757616412997,701
471.67610633628578,715
471.68463643132941,699
471.69316644925209,689
471.701696390045,693
471.7102262536992,699
471.71875604020607,677
471.7272857495567,675
471.73581538174233,701
471.74434493675415,676
471.75287441458323,675
471.76140381522089,689
471.7699331386583,699
471.7784623848865,678
471.786991553897,697
471.79552064568065,711
471.80404966022894,699
471.81257859753282,696
471.82110745758354,708
471.82963624037239,697
471.83816494589047,691
471.84669357412906,696
471.85522212507931,700
471.86375059873222,682
471.87227899507934,689
471.88080731411162,699
471.88933555582031,691
471.8978637201966,680
471.90639180723173,693
471.91491981691684,687
471.92344774924311,680
471.93197560420174,685
471.94050338178397,703
471.949031081981,690
471.957558704784,699
471.96608625018411,692
471.97461371817258,690
471.9831411087406,685
471.99166842187947,708
472.00019565758015,692
472.008722815834,697
472.01724989663222,686
472.02577689996593,704
472.03430382582633,686
472.04283067420471,702
472.05135744509215,717
472.05988413847996,701
472.06841075435926,701
472.07693729272125,710
472.08546375355706,692
472.09399013685811,681
472.10251644261535,688
472.11104267082015,723
472.11956882146359,699
472.12809489453696,707
472.13662089003139,710
472.14514680793809,694
472.15367264824829,692
472.16219841095312,709
472.17072409604395,686
472.1792497035118,690
472.18777523334791,677
472.19630068554346,693
472.20482606008977,693
472.21335135697791,693
472.22187657619918,707
472.23040171774466,710
472.23892678160558,704
472.24745176777327,691
472.25597667623879,685
472.26450150699333,694
472.27302626002825,696
472.28155093533462,697
472.29007553290364,712
472.29860005272656,702
472.30712449479461,692
472.31564885909887,701
472.32417314563065,709
472.33269735438108,684
472.34122148534141,687
472.34974553850287,689
472.35826951385667,708
472.36679341139387,682
472.37531723110584,695
472.38384097298365,683
472.3923646370186,711
472.40088822320189,699
472.40941173152464,677
472.41793516197811,702
472.42645851455353,702
472.4349817892421,700
472.44350498603495,717
472.45202810492333,680
472.46055114589848,707
472.46907410895153,692
472.47759699407385,695
472.48611980125634,716
472.49464253049058,680
472.50316518176749,705
472.51168775507836,693
472.52021025041444,716
472.52873266776692,709
472.53725500712693,687
472.54577726848578,702
472.55429945183459,703
472.56282155716463,705
472.57134358446712,709
472.5798655337332,682
472.58838740495412,690
472.59690919812112,696
472.60543091322523,702
472.61395255025792,674
472.6224741092102,698
472.63099559007338,692
472.63951699283865,680
472.6480383174972,690
472.65655956404026,715
472.66508073245905,714
472.67360182274473,696
472.68212283488845,699
472.69064376888156,724
472.69916462471525,685
472.70768540238072,694
472.71620610186909,704
472.72472672317161,702
472.73324726627953,703
472.7417677311841,706
472.75028811787638,711
472.75880842634774,707
472.76732865658926,694
472.77584880859229,681
472.78436888234791,705
472.79288887784747,711
472.801408795082,685
472.80992863404288,695
472.81844839472126,710
472.82696807710829,714
472.83548768119527,702
472.8440072069734,703
472.85252665443386,686
472.86104602356789,691
472.8695653143667,691
472.87808452682145,675
472.88660366092341,688
472.89512271666382,690
472.90364169403381,693
472.91216059302468,691
472.92067941362757,699
472.92919815583377,684
472.93771681963437,685
472.94623540502079,690
472.95475391198408,682
472.96327234051546,706
472.97179069060616,691
472.98030896224742,691
472.98882715543056,698
472.99734527014658,713
473.00586330638691,700
473.01438126414257,679
473.02289914340497,695
473.03141694416507,697
473.03993466641441,705
473.04845231014394,678
473.056969875345,702
473.06548736200875,700
473.07400477012652,700
473.08252209968936,691
473.09103935068862,710
473.09955652311544,673
473.10807361696118,696
473.11659063221686,698
473.12510756887377,683
473.13362442692329,693
473.14214120635631,702
473.15065790716437,712
473.15917452933849,697
473.16769107286996,662
473.17620753775003,694
473.18472392396984,692
473.19324023152069,692
473.20175646039377,704
473.2102726105802,746
473.21878868207142,681
473.22730467485849,710
473.23582058893265,688
473.24433642428517,684
473.25285218090727,688
473.26136785879004,685
473.26988345792483,690
473.27839897830285,698
473.28691441991532,675
473.29542978275344,731
473.30394506680841,692
473.31246027207158,699
473.320975398534,685
473.329490446187,695
473.33800541502171,708
473.34652030502946,712
473.35503511620141,715
473.36354984852886,685
473.3720645020029,720
473.38057907661482,713
473.38909357235593,702
473.39760798921731,715
473.4061223271903,698
473.41463658626611,684
473.42315076643592,680
473.43166486769087,709
473.44017889002237,721
473.44869283342155,685
473.45720669787966,679
473.46572048338783,679
473.47423418993748,704
473.48274781751962,701
473.49126136612563,709
473.49977483574668,708
473.508288226374,699
473.51680153799879,705
473.52531477061234,718
473.53382792420587,720
473.5423409987705,692
473.55085399429754,715
473.55936691077829,693
473.56787974820389,690
473.57639250656553,695
473.5849051858545,706
473.59341778606205,679
473.60193030717943,704
473.61044274919772,703
473.61895511210827,712
473.62746739590222,705
473.635979600571,703
473.64449172610563,692
473.65300377249736,700
473.66151573973752,709
473.67002762781732,696
473.67853943672787,688
473.68705116646061,684
473.69556281700665,701
473.70407438835718,709
473.71258588050353,689
473.7210972934368,696
473.72960862714831,692
473.73811988162936,702
473.74663105687097,696
473.75514215286455,721
473.7636531696013,701
473.77216410707246,696
473.78067496526927,699
473.78918574418287,693
473.79769644380457,704
473.80620706412566,722
473.81471760513722,699
473.82322806683061,709
473.83173844919696,701
473.84024875222764,692
473.84875897591377,705
473.85726912024666,707
473.86577918521743,725
473.87428917081746,687
473.88279907703782,690
473.89130890386997,698
473.89981865130494,695
473.90832831933403,698
473.91683790794855,699
473.92534741713968,685
473.93385684689855,740
473.94236619721659,719
473.95087546808486,691
473.95938465949473,748
473.96789377143733,724
473.976402803904,1853
473.984911756886,1790
473.99342063037437,1854
474.00192942436058,1226
474.01043813883558,751
474.01894677379096,723
474.02745532921767,703
474.0359638051072,695
474.0444722014505,695
474.052980518239,720
474.06148875546393,690
474.06999691311648,681
474.07850499118797,693
474.08701298966946,696
474.09552090855237,694
474.1040287478279,719
474.11253650748716,698
474.12104418752159,692
474.12955178792231,716
474.13805930868062,709
474.14656674978761,702
474.15507411123474,704
474.16358139301309,696
474.172088595114,694
474.18059571752866,693
474.18910276024826,719
474.19760972326418,717
474.20611660656749,696
474.21462341014961,715
474.22313013400162,705
474.23163677811488,759
474.24014334248062,1401
474.24864982709,800
474.2571562319344,738
474.26566255700487,712
474.27416880229276,703
474.28267496778943,695
474.29118105348596,701
474.29968705937358,677
474.30819298544367,689
474.3166988316874,710
474.325204598096,704
474.3337102846607,703
474.3422158913728,718
474.35072141822354,705
474.35922686520416,717
474.3677322323058,716
474.37623751951986,692
474.38474272683749,721
474.39324785425,707
474.40175290174858,702
474.41025786932454,701
474.41876275696904,693
474.42726756467334,718
474.43577229242885,735
474.44427694022653,710
474.45278150805785,715
474.461285995914,712
474.46979040378625,705
474.47829473166576,699
474.48679897954383,709
474.49530314741173,694
474.50380723526069,692
474.51231124308197,703
474.5208151708668,705
474.52931901860649,712
474.53782278629211,699
474.54632647391514,693
474.55483008146672,719
474.563333608938,725
474.57183705632042,691
474.58034042360515,698
474.58884371078335,688
474.59734691784649,708
474.6058500447856,718
474.61435309159191,707
474.6228560582569,697
474.6313589447717,714
474.63986175112751,689
474.64836447731568,709
474.6568671233274,890
474.66536968915386,2078
474.67387217478648,913
474.68237458021639,709
474.69087690543483,710
474.69937915043312,700
474.70788131520248,729
474.71638339973418,699
474.7248854040194,712
474.7333873280495,697
474.74188917181573,718
474.75039093530927,718
474.75889261852137,684
474.76739422144334,704
474.77589574406636,699
474.78439718638185,722
474.79289854838089,699
474.80139983005478,690
474.80990103139476,677
474.81840215239225,693
474.82690319303828,707
474.83540415332419,710
474.8439050332413,712
474.85240583278073,708
474.86090655193385,714
474.8694071906919,696
474.87790774904613,709
474.88640822698773,714
474.89490862450805,716
474.90340894159834,924
474.9119091782498,2334
474.92040933445367,1468
474.9289094102013,745
474.93740940548383,700
474.94590932029269,695
474.954409154619,707
474.962908908454,708
474.97140858178909,758
474.97990817461539,2519
474.98840768692423,942
474.99690711870682,713
475.00540646995449,703
475.0139057406584,699
475.02240493080996,699
475.03090404040023,726
475.03940306942059,689
475.04790201786233,710
475.0564008857167,697
475.06489967297489,714
475.0733983796282,714
475.08189700566794,702
475.09039555108524,698
475.09889401587145,691
475.10739240001794,693
475.11589070351579,700
475.12438892635635,701
475.13288706853081,699
475.14138513003053,698
475.1498831108467,676
475.15838101097063,712
475.1668788303935,710
475.17537656910673,701
475.1838742271014,702
475.19237180436892,683
475.20086930090054,755
475.20936671668738,740
475.21786405172082,716
475.22636130599221,703
475.23485847949263,714
475.24335557221349,714
475.25185258414592,718
475.26034951528129,697
475.26884636561078,695
475.27734313512582,712
475.28583982381741,713
475.29433643167715,707
475.302832958696,725
475.31132940486538,725
475.31982577017652,699
475.32832205462074,700
475.33681825818923,708
475.34531438087328,705
475.35381042266425,701
475.36230638355323,707
475.37080226353169,689
475.37929806259069,695
475.38779378072155,699
475.39628941791568,710
475.40478497416422,701
475.41328044945851,740
475.4217758437897,717
475.43027115714921,692
475.43876638952827,704
475.447261540918,722
475.45575661130988,718
475.46425160069504,722
475.47274650906485,712
475.48124133641051,717
475.48973608272325,697
475.49823074799446,705
475.5067253322153,699
475.5152198353772,710
475.52371425747123,691
475.53220859848875,691
475.54070285842107,706
475.54919703725932,705
475.55769113499497,688
475.56618515161921,704
475.57467908712329,705
475.5831729414985,705
475.59166671473605,700
475.60016040682729,710
475.60865401776346,705
475.61714754753592,700
475.62564099613581,700
475.63413436355444,697
475.64262764978321,718
475.65112085481314,717
475.65961397863572,708
475.66810702124218,704
475.67659998262377,712
475.68509286277174,716
475.69358566167733,718
475.702078379332,712
475.71057101572683,694
475.71906357085322,686
475.72755604470228,718
475.73604843726554,715
475.74454074853406,718
475.75303297849922,709
475.7615251271522,704
475.77001719448447,709
475.77850918048705,696
475.78700108515136,691
475.79549290846876,701
475.80398465043032,693
475.81247631102747,717
475.82096789025144,711
475.8294593880936,730
475.83795080454507,705
475.84644213959723,710
475.85493339324125,701
475.86342456546856,691
475.8719156562704,720
475.88040666563796,701
475.8888975935626,725
475.89738844003557,705
475.90587920504817,722
475.91436988859158,690
475.92286049065729,707
475.93135101123636,710
475.93984145032022,716
475.9483318079001,732
475.95682208396727,706
475.965312278513,721
475.97380239152864,733
475.98229242300533,689
475.99078237293446,714
475.99927224130738,700
476.00776202811517,712
476.01625173334929,694
476.02474135700106,718
476.03323089906149,683
476.04172035952217,718
476.05020973837412,728
476.05869903560892,711
476.0671882512176,708
476.07567738519151,716
476.08416643752196,719
476.09265540820024,710
476.10114429721762,700
476.10963310456543,711
476.11812183023483,728
476.12661047421727,712
476.1350990365039,723
476.14358751708608,725
476.15207591595509,707
476.16056423310215,726
476.1690524685186,729
476.17754062219575,717
476.18602869412484,704
476.19451668429718,729
476.203004592704,725
476.21149241933671,711
476.21998016418644,740
476.22846782724463,700
476.23695540850241,719
476.24544290795126,694
476.2539303255823,733
476.26241766138691,707
476.27090491535631,727
476.27939208748188,724
476.2878791777548,723
476.29636618616644,719
476.30485311270803,731
476.31333995737094,728
476.3218267201463,710
476.33031340102565,733
476.33880000000011,742
476.34728651706092,714
476.35577295219957,709
476.36425930540713,693
476.37274557667507,711
476.38123176599453,714
476.38971787335686,713
476.39820389875342,713
476.40668984217535,710
476.41517570361412,720
476.423661483061,702
476.43214718050712,723
476.44063279594383,725
476.44911832936253,723
476.45760378075454,729
476.46608915011086,733
476.4745744374232,705
476.48305964268246,732
476.49154476588012,716
476.50002980700748,716
476.5085147660559,719
476.5169996430165,727
476.52548443788066,711
476.53396915063968,715
476.54245378128491,725
476.55093832980754,713
476.55942279619893,727
476.56790718045033,715
476.57639148255305,728
476.58487570249849,687
476.59335984027774,737
476.60184389588227,705
476.61032786930326,712
476.61881176053214,697
476.62729556956003,686
476.63577929637836,702
476.64426294097842,713
476.65274650335147,695
476.66122998348879,713
476.66971338138165,736
476.67819669702152,738
476.68667993039952,714
476.69516308150696,734
476.7036461503352,722
476.71212913687549,729
476.72061204111924,714
476.72909486305764,726
476.737577602682,700
476.74606025998361,715
476.75454283495384,702
476.76302532758393,736
476.77150773786525,727
476.779990065789,729
476.78847231134648,698
476.79695447452906,753
476.805436555328,1800
476.81391855373465,847
476.82240046974027,722
476.83088230333618,705
476.83936405451368,714
476.847845723264,694
476.85632730957855,713
476.86480881344858,719
476.87329023486546,717
476.88177157382034,730
476.89025283030463,700
476.89873400430957,736
476.90721509582659,723
476.91569610484686,724
476.92417703136175,736
476.93265787536257,707
476.94113863684055,721
476.94961931578712,713
476.9580999121934,709
476.96658042605088,719
476.9750608573508,709
476.98354120608445,708
476.99202147224315,712
477.00050165581814,717
477.00898175680078,710
477.01746177518237,719
477.02594171095427,692
477.03442156410773,719
477.04290133463405,722
477.05138102252454,741
477.05986062777049,726
477.06834015036321,732
477.07681959029412,731
477.08529894755441,719
477.09377822213543,718
477.10225741402832,693
477.11073652322472,728
477.1192155497157,709
477.12769449349253,720
477.13617335454671,738
477.14465213286951,740
477.15313082845205,713
477.16160944128586,723
477.17008797136214,729
477.17856641867218,720
477.18704478320734,742
477.19552306495893,717
477.2040012639182,724
477.21247938007662,737
477.22095741342525,720
477.22943536395564,732
477.237913231659,720
477.24639101652656,734
477.25486871854974,707
477.26334633771984,731
477.27182387402809,734
477.28030132746591,693
477.2887786980246,731
477.29725598569547,725
477.30573319046971,732
477.31421031233879,741
477.32268735129389,725
477.33116430732645,702
477.33964118042769,745
477.348117970589,723
477.35659467780164,711
477.36507130205695,741
477.37354784334616,711
477.38202430166069,724
477.39050067699179,713
477.39897696933076,740
477.40745317866907,705
477.41592930499792,747
477.42440534830854,707
477.43288130859236,697
477.44135718584067,725
477.44983298004485,721
477.45830869119607,707
477.46678431928569,723
477.47525986430509,735
477.48373532624566,727
477.4922107050985,746
477.50068600085507,711
477.50916121350673,713
477.51763634304461,734
477.5261113894602,741
477.53458635274478,736
477.54306123288961,727
477.55153602988611,738
477.56001074372551,721
477.56848537439907,733
477.57695992189832,735
477.58543438621433,728
477.59390876733863,707
477.60238306526247,732
477.6108572799771,722
477.61933141147392,703
477.62780545974425,758
477.63627942477927,712
477.64475330657046,735
477.65322710510918,714
477.66170082038661,734
477.67017445239412,717
477.678648001123,711
477.68712146656463,745
477.6955948487103,714
477.70406814755137,726
477.7125413630792,748
477.72101449528492,715
477.72948754416007,724
477.73796050969577,737
477.74643339188356,730
477.75490619071462,724
477.76337890618032,723
477.77185153827196,707
477.7803240869809,717
477.78879655229832,717
477.79726893421582,711
477.80574123272453,723
477.81421344781575,717
477.822685579481,700
477.83115762771132,737
477.83962959249834,735
477.8481014738332,755
477.85657327170713,728
477.86504498611168,766
477.87351661703809,734
477.88198816447772,714
477.89045962842175,745
477.89893100886172,729
477.90740230578882,724
477.91587351919429,748
477.92434464906972,710
477.93281569540613,706
477.94128665819511,742
477.94975753742796,740
477.9582283330958,754
477.96669904519018,718
477.97516967370228,709
477.98364021862352,734
477.99211067994526,727
478.00058105765868,725
478.00905135175515,748
478.01752156222614,744
478.02599168906283,738
478.03446173225666,739
478.04293169179886,721
478.05140156768078,753
478.05987135989386,737
478.06834106842922,738
478.07681069327839,754
478.08528023443267,720
478.09374969188332,741
478.10221906562168,756
478.11068835563913,730
478.11915756192695,733
478.12762668447652,722
478.13609572327908,722
478.14456467832616,747
478.15303354960889,739
478.16150233711863,726
478.1699710408468,833
478.1784396607847,1658
478.18690819692364,867
478.19537664925508,729
478.20384501777016,728
478.2123133024603,735
478.22078150331674,716
478.229249620331,737
478.23771765349431,751
478.24618560279805,961
478.25465346823353,4309
478.26312124979205,5773
478.271588947465,1793
478.28005656124367,1940
478.28852409111937,2274
478.2969915370835,807
478.30545889912742,721
478.31392617724242,734
478.32239337141982,742
478.33086048165103,734
478.33932750792729,729
478.34779445023992,731
478.35626130858049,725
478.36472808293996,755
478.3731947733101,743
478.38166137968187,766
478.39012790204686,723
478.3985943403963,733
478.40706069472145,735
478.41552696501378,735
478.42399315126465,753
478.43245925346531,728
478.44092527160706,747
478.44939120568142,734
478.45785705567954,725
478.46632282159288,728
478.47478850341275,745
478.48325410113046,749
478.49171961473741,760
478.50018504422491,702
478.50865038958426,725
478.51711565080683,733
478.525580827884,748
478.53404592080705,724
478.54251092956736,736
478.55097585415632,730
478.55944069456518,745
478.5679054507853,717
478.576370122808,744
478.58483471062482,745
478.59329921422682,728
478.60176363360557,733
478.61022796875227,750
478.61869221965827,743
478.62715638631505,721
478.6356204687138,732
478.64408446684592,731
478.6525483807028,724
478.66101221027571,734
478.66947595555609,731
478.67793961653518,776
478.6864031932044,756
478.69486668555504,743
478.70333009357853,727
478.71179341726605,755
478.72025665660925,729
478.72871981159915,754
478.73718288222727,733
478.74564586848493,751
478.75410877036336,742
478.76257158785415,743
478.7710343209485,747
478.77949696963776,735
478.78795953391324,746
478.79642201376635,754
478.8048844091885,740
478.81334672017095,718
478.821808946705,759
478.83027108878213,737
478.83873314639362,745
478.84719511953074,744
478.855657008185,735
478.86411881234767,740
478.87258053201009,774
478.88104216716363,736
478.8895037177997,720
478.89796518390943,710
478.90642656548448,743
478.91488786251597,731
478.92334907499537,746
478.931810202914,738
478.94027124626319,740
478.94873220503433,771
478.95719307921871,745
478.96565386880775,722
478.9741145737928,755
478.98257519416507,745
478.99103572991612,745
478.99949618103733,726
479.00795654751983,721
479.016416829355,735
479.02487702653445,741
479.03333713904925,747
479.04179716689089,745
479.05025711005072,751
479.05871696852006,747
479.06717674229037,733
479.07563643135279,730
479.08409603569879,732
479.09255555531985,751
479.1010149902072,744
479.10947434035216,752
479.11793360574615,766
479.12639278638056,725
479.13485188224666,767
479.14331089333587,716
479.15176981963953,752
479.16022866114895,771
479.16868741785561,766
479.17714608975075,740
479.18560467682568,727
479.194063179072,758
479.20252159648078,749
479.21097992904362,748
479.21943817675174,750
479.2278963395965,722
479.23635441756932,737
479.24481241066155,738
479.25327031886457,753
479.2617281421696,763
479.27018588056814,722
479.27864353405147,762
479.28710110261113,1261
479.29555858623826,1034
479.30401598492426,746
479.31247329866062,763
479.32093052743852,735
479.32938767124955,726
479.3378447300849,721
479.34630170393592,746
479.3547585927941,749
479.36321539665062,726
479.37167211549706,747
479.38012874932463,736
479.38858529812472,740
479.39704176188877,717
479.40549814060813,736
479.413954434274,713
479.42241064287788,753
479.4308667664111,759
479.43932280486513,749
479.44777875823121,733
479.45623462650076,743
479.46469040966508,747
479.47314610771571,767
479.48160172064371,735
479.49005724844073,733
479.498512691098,727
479.506968048607,746
479.51542332095886,746
479.52387850814529,723
479.53233361015731,756
479.54078862698651,750
479.54924355862414,747
479.55769840506167,751
479.56615316629046,746
479.57460784230176,744
479.58306243308704,741
479.59151693863765,747
479.59997135894491,746
479.60842569400029,735
479.616879943795,729
479.62533410832066,741
479.63378818756843,757
479.6422421815297,759
479.65069609019588,777
479.65914991355834,753
479.66760365160843,785
479.67605730433758,758
479.68451087173707,750
479.69296435379835,760
479.7014177505128,744
479.7098710618717,727
479.71832428786644,734
479.7267774284885,731
479.73523048372914,747
479.74368345357976,754
479.75213633803179,752
479.76058913707652,756
479.76904185070538,747
479.77749447890966,727
479.78594702168084,730
479.79439947901028,731
479.80285185088928,711
479.81130413730932,750
479.81975633826158,760
479.82820845373766,739
479.83666048372885,750
479.84511242822646,728
479.85356428722196,756
479.86201606070659,747
479.87046774867196,772
479.87891935110923,753
479.8873708680099,757
479.89582229936525,752
479.90427364516671,732
479.91272490540564,748
479.92117608007339,762
479.92962716916145,763
479.93807817266105,761
479.94652909056373,761
479.95497992286073,751
479.96343066954353,742
479.97188133060331,741
479.98033190603172,768
479.98878239581995,738
479.99723279995948,747
480.0056831184416,786
480.01413335125773,733
480.02258349839929,743
480.03103355985763,742
480.03948353562407,747
480.04793342569008,757
480.056383230047,735
480.06483294868622,762
480.07328258159907,745
480.081732128777,753
480.09018159021144,780
480.09863096589362,771
480.10708025581505,742
480.115529459967,783
480.123978578341,761
480.13242761092823,1803
480.14087655772028,2145
480.14932541870843,1672
480.157774193884,885
480.16622288323862,761
480.17467148676337,746
480.18312000444973,768
480.19156843628912,738
480.20001678227305,737
480.20846504239262,772
480.21691321663945,746
480.22536130500487,741
480.2338093074801,759
480.24225722405686,752
480.25070505472621,749
480.25915279947969,746
480.26760045830872,751
480.27604803120454,754
480.28449551815868,728
480.29294291916244,727
480.30139023420725,764
480.30983746328445,785
480.31828460638542,742
480.32673166350168,755
480.33517863462447,764
480.34362551974527,751
480.35207231885533,774
480.3605190319463,773
480.36896565900923,979
480.37741220003579,1383
480.38585865501727,802
480.39430502394504,736
480.40275130681044,750
480.41119750360497,767
480.41964361431991,755
480.4280896389468,739
480.43653557747683,748
480.44498142990159,754
480.45342719621237,760
480.46187287640055,749
480.47031847045753,796
480.47876397837467,747
480.48720940014346,746
480.49565473575524,768
480.50409998520138,748
480.51254514847324,746
480.52099022556229,746
480.52943521645994,759
480.53788012115751,758
480.54632493964635,762
480.554769671918,720
480.56321431796374,759
480.57165887777506,739
480.58010335134315,769
480.58854773865966,739
480.59699203971587,777
480.6054362545031,749
480.61388038301283,744
480.62232442523651,744
480.63076838116547,748
480.639212250791,733
480.64765603410467,737
480.65609973109781,748
480.66454334176177,742
480.672986866088,724
480.68143030406787,776
480.68987365569285,754
480.69831692095426,753
480.70676009984345,737
480.71520319235191,3145
480.72364619847104,2379
480.73208911819216,870
480.74053195150674,762
480.74897469840607,757
480.7574173588817,733
480.76585993292497,754
480.77430242052725,749
480.7827448216799,734
480.7911871363745,759
480.79962936460225,743
480.80807150635462,760
480.81651356162297,732
480.82495553039882,726
480.83339741267343,762
480.84183920843827,756
480.85028091768476,747
480.8587225404043,756
480.86716407658821,733
480.87560552622796,766
480.884046889315,747
480.89248816584063,752
480.90092935579622,773
480.90937045917332,753
480.91781147596322,775
480.9262524061574,743
480.93469324974723,750
480.94313400672405,736
480.95157467707941,735
480.96001526080454,757
480.96845575789092,752
480.97689616833003,759
480.98533649211316,742
480.9937767292318,734
481.00221687967723,763
481.01065694344106,750
481.01909692051441,750
481.027536810889,752
481.03597661455603,733
481.04441633150697,742
481.05285596173314,742
481.0612955052261,756
481.06973496197713,760
481.07817433197783,751
481.08661361521933,756
481.09505281169317,762
481.1034919213908,757
481.11193094430354,742
481.12036988042291,742
481.12880872974017,755
481.13724749224684,753
481.14568616793429,746
481.15412475679403,766
481.16256325881727,767
481.17100167399548,782
481.17944000232023,766
481.18787824378279,781
481.19631639837456,763
481.20475446608697,746
481.21319244691153,780
481.22163034083945,777
481.23006814786231,771
481.23850586797141,743
481.24694350115823,768
481.25538104741423,730
481.26381850673067,788
481.27225587909913,749
481.28069316451092,768
481.28913036295751,769
481.2975674744302,762
481.30600449892052,743
481.31444143641977,755
481.32287828691949,747
481.33131505041109,770
481.33975172688594,775
481.34818831633532,748
481.35662481875084,751
481.36506123412391,749
481.37349756244572,761
481.38193380370797,755
481.3903699579019,752
481.39880602501904,774
481.40724200505065,754
481.41567789798825,754
481.42411370382331,720
481.43254942254708,776
481.44098505415116,773
481.44942059862683,751
481.45785605596552,750
481.4662914261587,763
481.4747267091978,745
481.48316190507421,769
481.49159701377931,794
481.50003203530457,756
481.5084669696414,770
481.51690181678123,753
481.52533657671535,766
481.5337712494354,754
481.54220583493259,736
481.55064033319849,753
481.55907474422446,771
481.56750906800193,764
481.5759433045223,749
481.58437745377694,758
481.59281151575738,768
481.601245490455,762
481.60967937786126,750
481.61811317796742,783
481.62654689076504,759
481.63498051624566,744
481.64341405440035,760
481.65184750522087,754
481.66028086869846,784
481.66871414482461,760
481.67714733359077,764
481.68558043498825,770
481.69401344900854,770
481.70244637564315,767
481.71087921488328,753
481.71931196672057,782
481.72774463114644,757
481.73617720815213,749
481.74460969772912,744
481.75304209986905,758
481.76147441456305,755
481.76990664180278,771
481.77833878157952,755
481.7867708338847,773
481.79520279870985,789
481.80363467604633,765
481.81206646588549,747
481.82049816821888,740
481.82892978303784,730
481.8373613103339,772
481.84579275009833,782
481.85422410232275,756
481.86265536699841,755
481.87108654411679,749
481.87951763366948,788
481.88794863564766,764
481.89637955004287,790
481.90481037684657,779
481.91324111605019,746
481.921671767645,746
481.93010233162272,762
481.93853280797447,779
481.94696319669191,769
481.95539349776635,762
481.96382371118932,785
481.97225383695206,769
481.98068387504622,746
481.98911382546305,762
481.99754368819413,750
482.00597346323082,759
482.01440315056453,791
482.02283275018675,787
482.03126226208889,778
482.0396916862623,762
482.04812102269858,767
482.056550271389,756
482.06497943232506,743
482.07340850549826,773
482.08183749089994,746
482.09026638852157,789
482.09869519835456,761
482.10712392039039,768
482.11555255462036,744
482.12398110103607,780
482.13240955962897,744
482.14083793039038,776
482.14926621331171,754
482.15769440838449,763
482.16612251560008,768
482.17455053495,743
482.18297846642565,753
482.19140631001841,778
482.19983406571981,740
482.20826173352128,768
482.21668931341418,810
482.22511680539,761
482.23354420944014,759
482.2419715255561,742
482.25039875372926,741
482.2588258939511,740
482.26725294621303,764
482.27567991050643,744
482.28410678682286,782
482.29253357515375,766
482.30096027549041,780
482.30938688782447,764
482.31781341214713,772
482.32623984845009,771
482.33466619672458,770
482.3430924569621,782
482.35151862915416,755
482.35994471329212,781
482.36837070936753,750
482.37679661737167,778
482.38522243729608,756
482.39364816913223,746
482.40207381287149,760
482.41049936850533,766
482.41892483602516,765
482.42735021542251,760
482.4357755066888,769
482.44420070981539,779
482.45262582479376,789
482.46105085161548,768
482.4694757902717,773
482.47790064075417,774
482.48632540305425,759
482.49475007716325,780
482.50317466307274,805
482.51159916077415,759
482.52002357025884,779
482.52844789151845,761
482.53687212454423,794
482.54529626932765,762
482.5537203258603,794
482.56214429413353,783
482.57056817413871,784
482.57899196586737,761
482.587415669311,729
482.59583928446096,775
482.60426281130873,766
482.61268624984581,774
482.62110960006356,781
482.62953286195346,770
482.63795603550705,778
482.64637912071561,783
482.65480211757068,771
482.66322502606374,781
482.67164784618615,770
482.68007057792943,790
482.68849322128506,758
482.6969157762444,784
482.705338242799,766
482.71376062094015,743
482.7221829106594,754
482.73060511194831,796
482.73902722479806,809
482.74744924920037,2465
482.75587118514665,2546
482.76429303262819,1380
482.77271479163659,864
482.7811364621632,769
482.78955804419957,790
482.79797953773709,785
482.8064009427672,781
482.81482225928147,779
482.82324348727116,774
482.8316646267279,773
482.84008567764306,774
482.84850664000805,800
482.85692751381447,785
482.86534829905366,787
482.87376899571706,794
482.88218960379618,769
482.89061012328244,776
482.89903055416744,800
482.90745089644241,800
482.91587115009895,769
482.92429131512841,781
482.93271139152239,781
482.94113137927218,774
482.94955127836943,781
482.95797108880544,810
482.96639081057174,807
482.97481044365975,826
482.98322998806088,761
482.99164944376673,778
483.00006881076865,807
483.00848808905812,776
483.01690727862666,801
483.0253263794657,796
483.03374539156653,801
483.04216431492085,773
483.05058314952004,806
483.05900189535549,788
483.06742055241881,800
483.07583912070123,791
483.08425760019441,794
483.09267599088975,783
483.10109429277873,803
483.10951250585271,841
483.11793063010333,773
483.1263486655219,819
483.1347666120999,787
483.14318446982884,809
483.15160223870026,799
483.16001991870547,796
483.16843750983594,815
483.17685501208319,791
483.18527242543871,832
483.19368974989396,793
483.20210698544037,781
483.21052413206939,795
483.21894118977247,799
483.22735815854111,813
483.23577503836685,817
483.244191829241,799
483.25260853115515,813
483.26102514410076,810
483.26944166806919,792
483.277858103052,821
483.28627444904055,809
483.29469070602647,807
483.30310687400112,804
483.31152295295595,796
483.31993894288246,797
483.32835484377216,801
483.33677065561648,854
483.34518637840688,2219
483.35360201213484,1301
483.36201755679184,876
483.37043301236923,789
483.37884837885866,791
483.38726365625149,802
483.39567884453925,795
483.40409394371335,784
483.41250895376527,785
483.42092387468654,795
483.42933870646857,793
483.43775344910279,810
483.44616810258083,761
483.454582666894,796
483.46299714203383,816
483.47141152799173,794
483.4798258247593,786
483.48824003232795,776
483.4966541506891,776
483.50506817983432,802
483.51348211975494,818
483.52189597044253,1256
483.53030973188862,1914
483.53872340408464,986
483.54713698702193,803
483.55555048069215,777
483.56396388508665,774
483.57237720019708,786
483.58079042601463,800
483.58920356253105,804
483.5976166097376,796
483.60602956762585,783
483.61444243618735,795
483.62285521541344,777
483.63126790529572,812
483.63968050582554,775
483.64809301699444,779
483.65650543879394,799
483.66491777121536,797
483.67333001425038,787
483.68174216789043,774
483.69015423212682,779
483.69856620695123,790
483.70697809235503,785
483.71538988832975,791
483.72380159486687,786
483.73221321195774,769
483.740624739594,782
483.7490361777671,759
483.75744752646841,821
483.7658587856896,757
483.77426995542197,783
483.78268103565705,761
483.79109202638642,766
483.79950292760134,782
483.80791373929355,769
483.81632446145431,775
483.82473509407527,778
483.83314563714782,778
483.84155609066346,776
483.84996645461371,806
483.85837672899,801
483.86678691378376,751
483.87519700898662,761
483.88360701458993,763
483.89201693058527,739
483.90042675696407,774
483.90883649371784,777
483.917246140838,773
483.92565569831612,781
483.93406516614363,782
483.94247454431206,771
483.95088383281291,788
483.95929303163746,794
483.96770214077742,796
483.97611116022426,757
483.98452008996935,769
483.99292893000433,792
484.00133768032055,775
484.00974634090949,782
484.01815491176279,807
484.02656339287171,769
484.034971784228,846
484.04338008582283,1696
484.05178829764805,1405
484.06019641969488,816
484.06860445195491,770
484.07701239441957,778
484.08542024708049,789
484.09382800992893,770
484.10223568295663,760
484.11064326615491,787
484.11905075951523,820
484.12745816302925,786
484.13586547668831,802
484.1442727004839,796
484.15267983440771,784
484.16108687845104,764
484.16949383260538,748
484.17790069686225,760
484.18630747121318,808
484.19471415564971,1003
484.20312075016318,10429
484.21152725474519,2444
484.21993366938716,931
484.22833999408067,757
484.2367462288172,781
484.2451523735881,795
484.25355842838508,782
484.26196439319949,807
484.27037026802287,813
484.27877605284675,769
484.28718174766249,772
484.29558735246172,776
484.30399286723588,770
484.31239829197648,787
484.32080362667506,777
484.32920887132303,786
484.33761402591188,768
484.34601909043317,772
484.35442406487846,771
484.36282894923903,801
484.37123374350648,794
484.37963844767245,787
484.3880430617283,754
484.3964475856655,760
484.40485201947558,808
484.41325636315008,785
484.42166061668047,781
484.43006478005822,801
484.43846885327491,809
484.44687283632192,804
484.45527672919081,779
484.46368053187308,779
484.4720842443603,807
484.48048786664384,777
484.48889139871523,772
484.49729484056604,780
484.50569819218771,760
484.51410145357181,788
484.52250462470971,823
484.53090770559305,781
484.53931069621325,802
484.54771359656189,787
484.55611640663039,770
484.56451912641023,785
484.572921755893,810
484.58132429507015,785
484.58972674393317,807
484.59812910247359,817
484.60653137068294,796
484.6149335485527,805
484.62333563607439,788
484.63173763323942,769
484.6401395400394,784
484.64854135646573,799
484.65694308251005,779
484.66534471816379,782
484.67374626341854,807
484.68214771826564,759
484.69054908269669,781
484.69895035670322,808
484.70735154027665,749
484.71575263340856,790
484.72415363609053,760
484.73255454831389,808
484.74095537007025,775
484.74935610135105,773
484.75775674214793,782
484.76615729245225,751
484.77455775225565,783
484.78295812154954,764
484.79135840032541,771
484.79975858857489,780
484.80815868628935,750
484.81655869346037,774
484.82495861007953,763
484.83335843613816,761
484.841758171628,776
484.85015781654039,764
484.85855737086678,768
484.86695683459891,768
484.87535620772809,774
484.88375549024596,776
484.89215468214394,779
484.90055378341367,766
484.90895279404646,772
484.91735171403394,776
484.92575054336766,755
484.93414928203907,747
484.94254793003967,777
484.950946487361,760
484.95934495399467,753
484.96774332993209,771
484.97614161516469,766
484.98453980968412,743
